Column,MissingPct
Promo2SinceWeek,49.94362023930186
PromoInterval,49.94362023930186
Promo2SinceYear,49.94362023930186
CompetitionOpenSinceYear,31.787764363075826
CompetitionOpenSinceMonth,31.787764363075826
CompetitionDistance,0.25973030124586
