Month,Sales,MonthName
1,6564.2986506052,Jan
2,6589.494011640225,Feb
3,6976.81774934574,Mar
4,7046.659508601913,Apr
5,7106.808037553527,May
6,7001.402126654637,Jun
7,6953.5758273347665,Jul
8,6649.229052948852,Aug
9,6547.469104183789,Sep
10,6602.967255258862,Oct
11,7188.554249917317,Nov
12,8608.956660647313,Dec
