Promo,MeanSales,MedianSales,Count,PromoLabel
0,5929.826183034807,5459.0,467463,No Promo
1,8228.739730679934,7650.0,376875,Promo
