StoreType,Promo,Sales
1,0,5809.052116167456
1,1,8304.548970710479
2,0,9567.855955102888
2,1,11311.802795554058
3,0,6028.54755362738
3,1,8042.788106360751
4,0,5855.391063365811
4,1,8018.036561965184
