IsSunday,ZeroSalesShare,ClosedShare,Group
0,0.03637222213944404,0.03631032953228674,Non-Sunday
1,0.9751744627927865,0.9751744627927865,Sunday
